segment,purpose,period,value_pkr,source
Lahore overall houses,sale,2026-08,54700000,Zameen Index
Lahore 10 Marla houses,sale,2026-08,42900000,Zameen Index
DHA Defence houses,sale,2026-08,90400000,Zameen Index
Bahria Town houses,sale,2026-08,41900000,Zameen Index
Central Park Housing Scheme houses,sale,2026-08,29200000,Zameen Index
Park View City houses,sale,2026-08,21800000,Zameen Index
Lahore overall houses,rent,2026-08,250000,Zameen Index
DHA Defence houses,rent,2026-08,308000,Zameen Index
Gulberg houses,rent,2026-08,564000,Zameen Index
